url,red_social,autor
https://www.instagram.com/reel/C9so9_zPHLU/?igsh=YXF4ZjJxZ2F4eGhh,instagram,Abiatar
https://www.instagram.com/reel/C9mD_0Sx8sO/?igsh=MW1qOGpodWE4Y3ZjaQ==,instagram,Abiatar
https://www.instagram.com/reel/C5SzdQaM-xN/?igsh=ZG1tajMyZGQ4czZn,instagram,Abiatar
https://www.instagram.com/reel/C8sKI61S7TL/?igsh=MWppa2loNDhvNTh4bw==,instagram,Abiatar
https://www.instagram.com/reel/C7e7I41OSmz/?igsh=dGRjejJteDd2ZHc4,instagram,Abiatar
https://www.instagram.com/reel/C5Yz_bfNcyt/?igsh=Ym01bXc5NWlic2hi,instagram,Abiatar
https://www.instagram.com/reel/C8p4ZWKPML7/?igsh=ZGtuNTBzdmt6cDA1,instagram,Abiatar
https://www.instagram.com/reel/C8UohBDgfQ2/?igsh=MTludnA1aTF2ZnI1cg==,instagram,Abiatar
https://www.instagram.com/reel/C9sdDHBPUVF/?igsh=YWV6bmRrcmtjZHg5,instagram,Abiatar
https://www.instagram.com/reel/C9dSEuYyLV7/?igsh=MWF3azFpZGNqNWE2eg==,instagram,Abiatar
https://www.instagram.com/reel/C6eOGw2rUOw/?igsh=MWpmeWE2a2ppMXdkZw==,instagram,Abiatar
https://www.instagram.com/reel/C7M48w6gImI/?igsh=MWg2ZG82cjI3bm84Mw==,instagram,Abiatar
https://www.instagram.com/reel/C9nK4fAgs-z/?igsh=M3gzbWUzeTFrY3Jr,instagram,Abiatar
https://www.instagram.com/reel/C9n1A3LvRbo/?igsh=YWhhb2I4aTFrZjJ1,instagram,Abiatar
https://www.instagram.com/reel/C9H8rOzB81z/?igsh=c2VoOTFncXBpNHdi,instagram,Abiatar
https://www.instagram.com/reel/C6pNnQXN9Gs/?igsh=eGVuYW1ucTgwMzY3,instagram,Abiatar
https://www.instagram.com/reel/C7IGg5hP4kg/?igsh=ZmtuMmluNjY1ZWtt,instagram,Sebastian
https://www.instagram.com/reel/C9I4GUQSga3/?igsh=d2N3Z25mOWY2Ymdv,instagram,Sebastian
https://www.instagram.com/reel/C7YDLQuAuou/?igsh=bHYyaWprYmF6dWNr,instagram,Abiatar
https://www.instagram.com/reel/C9iSDzDxsdk/?igsh=MTU5em4xcHFtd2xjNQ==,instagram,Abiatar
https://www.instagram.com/reel/C9uGq42KCAL/?igsh=YXBpcDh5MXM2cHUx,instagram,Abiatar
https://www.instagram.com/reel/C6oyHoxoRDY/?igsh=MWF1OXBwazk1bDh2aw==,instagram,Abiatar
https://www.instagram.com/reel/C9nls3VtNYr/?igsh=MWRtNTAzNHJsMmRiYw==,instagram,Abiatar
https://www.instagram.com/reel/C9votmNvb11/?igsh=eDc1eWtjcWE5aGsy,instagram,Abiatar
https://www.instagram.com/reel/C7IGg5hP4kg/?igsh=cWFqY21jbDFja3R5,instagram,Darwin
https://www.instagram.com/reel/C4g5V-YxfXB/?igsh=MWdnbWUwYTE1MmF6NA==,instagram,Darwin
https://www.instagram.com/reel/C8-CMVuPKi0/?igsh=MXE5ajhxcmlyYzExYw==,instagram,Abiatar
https://www.instagram.com/reel/C8RyBPfgkJ5/?igsh=MXYwdmJlamZnZW9oNw==,instagram,Sebastian
https://www.instagram.com/reel/C8BdtJKRibC/?igsh=MWxsNnc4MXBkNWU2cA==,instagram,Abiatar
https://www.instagram.com/reel/C4qE5PIICH-/?igsh=MXQwa3RwaXVqaDdzbg==,instagram,Abiatar
https://www.instagram.com/reel/C9Z9tC3K4GK/?igsh=cDlwZG1zdHUwZjJ3,instagram,Abiatar
https://www.instagram.com/reel/C6_dRVwNhBz/?igsh=bjJtZmw5Y3g4Njdy,instagram,Florimar
https://www.tiktok.com/@williamterronesdev/video/7287752493470125317?is_from_webapp=1&sender_device=pc&web_id=7395768272426173957,tiktok,Ale